{
  "_format": "hh-sol-cache-2",
  "files": {
    "/Users/shaunmcdonogh/Desktop/COURSES/ArbExecution/live/flashloans/PancakeSwap/contracts/FlashSwap.sol": {
      "lastModificationDate": 1651571326212,
      "contentHash": "916cea232e06b41941a13c9fd32c37cc",
      "sourceName": "contracts/FlashSwap.sol",
      "solcConfig": {
        "version": "0.6.6",
        "settings": {
          "optimizer": {
            "enabled": false,
            "runs": 200
          },
          "outputSelection": {
            "*": {
              "*": [
                "abi",
                "evm.bytecode",
                "evm.deployedBytecode",
                "evm.methodIdentifiers",
                "metadata"
              ],
              "": [
                "ast"
              ]
            }
          }
        }
      },
      "imports": [
        "hardhat/console.sol",
        "./libraries/UniswapV2Library.sol",
        "./libraries/SafeERC20.sol",
        "./interfaces/IUniswapV2Router01.sol",
        "./interfaces/IUniswapV2Router02.sol",
        "./interfaces/IUniswapV2Pair.sol",
        "./interfaces/IUniswapV2Factory.sol",
        "./interfaces/IERC20.sol"
      ],
      "versionPragmas": [
        ">=0.6.6"
      ],
      "artifacts": [
        "PancakeFlashSwap"
      ]
    },
    "/Users/shaunmcdonogh/Desktop/COURSES/ArbExecution/live/flashloans/PancakeSwap/contracts/libraries/UniswapV2Library.sol": {
      "lastModificationDate": 1651525639434,
      "contentHash": "fcde717e2380ba9d3429991073184b62",
      "sourceName": "contracts/libraries/UniswapV2Library.sol",
      "solcConfig": {
        "version": "0.6.6",
        "settings": {
          "optimizer": {
            "enabled": false,
            "runs": 200
          },
          "outputSelection": {
            "*": {
              "*": [
                "abi",
                "evm.bytecode",
                "evm.deployedBytecode",
                "evm.methodIdentifiers",
                "metadata"
              ],
              "": [
                "ast"
              ]
            }
          }
        }
      },
      "imports": [
        "../interfaces/IUniswapV2Pair.sol",
        "./SafeMath.sol"
      ],
      "versionPragmas": [
        "=0.6.6"
      ],
      "artifacts": [
        "UniswapV2Library"
      ]
    },
    "/Users/shaunmcdonogh/Desktop/COURSES/ArbExecution/live/flashloans/PancakeSwap/contracts/interfaces/IERC20.sol": {
      "lastModificationDate": 1651525594685,
      "contentHash": "bd272a16beaca43d3c85568e8e898576",
      "sourceName": "contracts/interfaces/IERC20.sol",
      "solcConfig": {
        "version": "0.8.8",
        "settings": {
          "optimizer": {
            "enabled": false,
            "runs": 200
          },
          "outputSelection": {
            "*": {
              "*": [
                "abi",
                "evm.bytecode",
                "evm.deployedBytecode",
                "evm.methodIdentifiers",
                "metadata"
              ],
              "": [
                "ast"
              ]
            }
          }
        }
      },
      "imports": [],
      "versionPragmas": [
        ">=0.5.0"
      ],
      "artifacts": [
        "IERC20"
      ]
    },
    "/Users/shaunmcdonogh/Desktop/COURSES/ArbExecution/live/flashloans/PancakeSwap/contracts/libraries/SafeERC20.sol": {
      "lastModificationDate": 1651525639413,
      "contentHash": "ff1b62f93ab2779ed366ae3ecdc9f4fd",
      "sourceName": "contracts/libraries/SafeERC20.sol",
      "solcConfig": {
        "version": "0.8.8",
        "settings": {
          "optimizer": {
            "enabled": false,
            "runs": 200
          },
          "outputSelection": {
            "*": {
              "*": [
                "abi",
                "evm.bytecode",
                "evm.deployedBytecode",
                "evm.methodIdentifiers",
                "metadata"
              ],
              "": [
                "ast"
              ]
            }
          }
        }
      },
      "imports": [
        "../interfaces/IERC20.sol",
        "./SafeMath.sol",
        "./Address.sol"
      ],
      "versionPragmas": [
        ">=0.6.0"
      ],
      "artifacts": [
        "SafeERC20"
      ]
    },
    "/Users/shaunmcdonogh/Desktop/COURSES/ArbExecution/live/flashloans/PancakeSwap/contracts/libraries/SafeMath.sol": {
      "lastModificationDate": 1651525639426,
      "contentHash": "333ddd0de1b11b477255bf7b0195604f",
      "sourceName": "contracts/libraries/SafeMath.sol",
      "solcConfig": {
        "version": "0.8.8",
        "settings": {
          "optimizer": {
            "enabled": false,
            "runs": 200
          },
          "outputSelection": {
            "*": {
              "*": [
                "abi",
                "evm.bytecode",
                "evm.deployedBytecode",
                "evm.methodIdentifiers",
                "metadata"
              ],
              "": [
                "ast"
              ]
            }
          }
        }
      },
      "imports": [],
      "versionPragmas": [
        ">=0.6.6"
      ],
      "artifacts": [
        "SafeMath"
      ]
    },
    "/Users/shaunmcdonogh/Desktop/COURSES/ArbExecution/live/flashloans/PancakeSwap/contracts/libraries/Address.sol": {
      "lastModificationDate": 1651525624105,
      "contentHash": "e276a33ee7e2a7bb132a1cd5e8c2314d",
      "sourceName": "contracts/libraries/Address.sol",
      "solcConfig": {
        "version": "0.8.8",
        "settings": {
          "optimizer": {
            "enabled": false,
            "runs": 200
          },
          "outputSelection": {
            "*": {
              "*": [
                "abi",
                "evm.bytecode",
                "evm.deployedBytecode",
                "evm.methodIdentifiers",
                "metadata"
              ],
              "": [
                "ast"
              ]
            }
          }
        }
      },
      "imports": [],
      "versionPragmas": [
        ">=0.6.6"
      ],
      "artifacts": [
        "Address"
      ]
    },
    "/Users/shaunmcdonogh/Desktop/COURSES/ArbExecution/live/flashloans/PancakeSwap/contracts/interfaces/IUniswapV2Pair.sol": {
      "lastModificationDate": 1651525594704,
      "contentHash": "30a00389a329d856245377c0a01a6aa4",
      "sourceName": "contracts/interfaces/IUniswapV2Pair.sol",
      "solcConfig": {
        "version": "0.8.8",
        "settings": {
          "optimizer": {
            "enabled": false,
            "runs": 200
          },
          "outputSelection": {
            "*": {
              "*": [
                "abi",
                "evm.bytecode",
                "evm.deployedBytecode",
                "evm.methodIdentifiers",
                "metadata"
              ],
              "": [
                "ast"
              ]
            }
          }
        }
      },
      "imports": [],
      "versionPragmas": [
        ">=0.5.0"
      ],
      "artifacts": [
        "IUniswapV2Pair"
      ]
    },
    "/Users/shaunmcdonogh/Desktop/COURSES/ArbExecution/live/flashloans/PancakeSwap/contracts/interfaces/IUniswapV2Factory.sol": {
      "lastModificationDate": 1651525594695,
      "contentHash": "4dc9cc322ba8c53b98b3af596c761ddc",
      "sourceName": "contracts/interfaces/IUniswapV2Factory.sol",
      "solcConfig": {
        "version": "0.8.8",
        "settings": {
          "optimizer": {
            "enabled": false,
            "runs": 200
          },
          "outputSelection": {
            "*": {
              "*": [
                "abi",
                "evm.bytecode",
                "evm.deployedBytecode",
                "evm.methodIdentifiers",
                "metadata"
              ],
              "": [
                "ast"
              ]
            }
          }
        }
      },
      "imports": [],
      "versionPragmas": [
        ">=0.5.0"
      ],
      "artifacts": [
        "IUniswapV2Factory"
      ]
    },
    "/Users/shaunmcdonogh/Desktop/COURSES/ArbExecution/live/flashloans/PancakeSwap/contracts/interfaces/IUniswapV2Router02.sol": {
      "lastModificationDate": 1651525594720,
      "contentHash": "8e09e126a5b1ae59774d3d2eab391c09",
      "sourceName": "contracts/interfaces/IUniswapV2Router02.sol",
      "solcConfig": {
        "version": "0.8.8",
        "settings": {
          "optimizer": {
            "enabled": false,
            "runs": 200
          },
          "outputSelection": {
            "*": {
              "*": [
                "abi",
                "evm.bytecode",
                "evm.deployedBytecode",
                "evm.methodIdentifiers",
                "metadata"
              ],
              "": [
                "ast"
              ]
            }
          }
        }
      },
      "imports": [
        "./IUniswapV2Router01.sol"
      ],
      "versionPragmas": [
        ">=0.6.2"
      ],
      "artifacts": [
        "IUniswapV2Router02"
      ]
    },
    "/Users/shaunmcdonogh/Desktop/COURSES/ArbExecution/live/flashloans/PancakeSwap/contracts/interfaces/IUniswapV2Router01.sol": {
      "lastModificationDate": 1651525594713,
      "contentHash": "e928364d7e673ff48c3c4ae732223f8a",
      "sourceName": "contracts/interfaces/IUniswapV2Router01.sol",
      "solcConfig": {
        "version": "0.8.8",
        "settings": {
          "optimizer": {
            "enabled": false,
            "runs": 200
          },
          "outputSelection": {
            "*": {
              "*": [
                "abi",
                "evm.bytecode",
                "evm.deployedBytecode",
                "evm.methodIdentifiers",
                "metadata"
              ],
              "": [
                "ast"
              ]
            }
          }
        }
      },
      "imports": [],
      "versionPragmas": [
        ">=0.6.2"
      ],
      "artifacts": [
        "IUniswapV2Router01"
      ]
    },
    "/Users/shaunmcdonogh/Desktop/COURSES/ArbExecution/live/flashloans/PancakeSwap/node_modules/hardhat/console.sol": {
      "lastModificationDate": 1651525259210,
      "contentHash": "cc4777addd464ea56fa35b1c45df0591",
      "sourceName": "hardhat/console.sol",
      "solcConfig": {
        "version": "0.8.8",
        "settings": {
          "optimizer": {
            "enabled": false,
            "runs": 200
          },
          "outputSelection": {
            "*": {
              "*": [
                "abi",
                "evm.bytecode",
                "evm.deployedBytecode",
                "evm.methodIdentifiers",
                "metadata"
              ],
              "": [
                "ast"
              ]
            }
          }
        }
      },
      "imports": [],
      "versionPragmas": [
        ">=0.4.22 <0.9.0"
      ],
      "artifacts": [
        "console"
      ]
    }
  }
}
